-- 테스트 계정

insert into user_account (user_id, user_password, nickname, email, memo, created_at, created_by, modified_at,
                          modified_by)
values ('jeong', '{noop}asdf1234', 'jeong', 'jeong@mail.com', 'I am jeong.', now(), 'jeong', now(), 'jeong')
;
insert into user_account (user_id, user_password, nickname, email, memo, created_at, created_by, modified_at,
                          modified_by)
values ('jeong2', '{noop}asdf1234', 'jeong2', 'jeong2@mail.com', 'I am jeong.', now(), 'jeong', now(), 'jeong')
;

-- 123 게시글
insert into article (user_id, title, content, hashtag, created_by, modified_by, created_at, modified_at)
values ('jeong2', 'Vilarelho', 'Universidad Politecnica de Puerto Rico', '#Aquamarine', 'Mildrid', 'Shirlene', '2023-12-16 09:57:19', '2023-07-09 17:16:17'),
       ('jeong2', 'Nueve de Julio', 'Kazan State Pedagogical University', '#Violet', 'Aimil', 'Marcile', '2023-05-17 13:30:05', '2023-08-27 16:20:22'),
       ('jeong2', 'Jingzhou', 'Arizona State University, Polytechnic Campus', '#Goldenrod', 'Angelique', 'Benji', '2023-08-25 18:27:43', '2023-09-18 08:42:22'),
       ('jeong2', 'Maca', 'Technical University of Crete', '#Turquoise', 'Hedwig', 'Filippo', '2023-07-20 23:01:17', '2023-03-31 21:15:58'),
       ('jeong', 'Shimen', 'University of Silesia', '#Orange', 'Fanny', 'Thain', '2023-04-12 00:11:12', '2024-01-19 22:36:32'),
       ('jeong', 'Langzhong', 'University of Evansville', '#Orange', 'Elana', 'Roderick', '2023-07-02 21:10:30', '2023-03-14 09:10:25'),
       ('jeong', 'Butterworth', 'Ohio State University - Marion', '#Khaki', 'Matthew', 'Felicity', '2023-04-16 18:49:08', '2023-09-11 07:04:32'),
       ('jeong', 'Dabou', 'Universidad La Salle', '#Purple', 'Bridie', 'Lew', '2023-11-16 14:00:43', '2023-10-12 04:12:10'),
       ('jeong', 'Bowang', 'Dartmouth College', '#Crimson', 'Clim', 'Lizabeth', '2023-12-05 10:20:56', '2023-07-20 04:19:20'),
       ('jeong', 'Rennes', 'Global University', '#Red', 'Farr', 'Jobey', '2023-12-19 23:04:36', '2023-07-06 19:03:17'),
       ('jeong', 'Shangyuan', 'American University in Dubai', '#Purple', 'Norton', 'Dennet', '2023-03-11 20:13:51', '2023-06-03 14:00:53'),
       ('jeong', 'Konstantynów Łódzki', 'China Medical University Shenyang', '#Turquoise', 'Ethelda', 'Devy', '2023-03-18 17:27:18', '2023-09-28 07:56:10'),
       ('jeong', 'Bern', 'State University of New York School of Engineering and Applied Sciences', '#Puce', 'Pierette', 'Norrie', '2023-08-27 12:54:50', '2023-12-12 02:27:14'),
       ('jeong', 'Casal do Conde', 'North Island College', '#Red', 'Koral', 'Coral', '2023-09-07 15:35:16', '2023-01-23 09:43:05'),
       ('jeong', 'Tembilahan', 'Kogakkan University', '#Violet', 'Rina', 'Brigitte', '2023-05-29 13:25:50', '2023-12-11 17:05:58'),
       ('jeong', 'Itabuna', 'University of Cape Town', '#Maroon', 'Jarrid', 'Giraud', '2023-07-24 07:57:58', '2023-11-09 01:11:28'),
       ('jeong', 'Yangjia', 'Asia Pacific Institute of Information Technology (APIIT)', '#Khaki', 'Ann', 'Alonzo', '2023-12-15 19:29:31', '2023-08-01 19:51:10'),
       ('jeong', 'Tanjungpecinan Utara', 'Ateneo de Naga University', '#Crimson', 'Tanner', 'Neila', '2024-01-01 12:30:30', '2023-04-23 16:35:41'),
       ('jeong', 'Dhromolaxia', 'Southampton Solent University', '#Aquamarine', 'Stearn', 'Christen', '2023-07-02 07:46:40', '2023-07-20 05:57:57'),
       ('jeong', 'Shunling', 'Dr. D.Y. Patil University', '#Aquamarine', 'Leah', 'Meg', '2023-08-11 04:12:01', '2023-04-11 01:36:35'),
       ('jeong', 'Kotlovka', 'Kyungwon University', '#Crimson', 'Valida', 'Claudie', '2023-08-09 23:59:55', '2023-11-04 19:02:58'),
       ('jeong', 'Guéret', 'Saitama Medical School', '#Crimson', 'Katerina', 'Micah', '2023-08-26 21:45:07', '2023-09-01 22:23:52'),
       ('jeong', 'Torbeyevo', 'Centre de Formation et de Perfectionnement des Journalistes', '#Khaki', 'Giffer', 'Editha', '2023-09-29 15:06:34', '2023-06-12 05:39:00'),
       ('jeong', 'Vinha', 'Universidad de las Regiones Autónomas de la Costa Caribe Nicaragüense', '#Aquamarine', 'Silvain', 'Eric', '2023-03-10 16:54:59', '2023-12-15 09:23:21'),
       ('jeong', 'Viengxay', 'Universidad Americana', '#Mauv', 'Ravid', 'Selia', '2023-12-06 14:37:06', '2023-06-16 17:54:58'),
       ('jeong', 'Noginsk-9', 'Universidad Nacional de Luján', '#Green', 'Fanchon', 'Samara', '2023-02-22 13:27:09', '2023-09-28 22:08:59'),
       ('jeong', 'Bhadrapur', 'Universidade de Lisboa', '#Turquoise', 'Jasmina', 'Oswell', '2023-04-08 10:01:06', '2023-08-12 13:55:48'),
       ('jeong', 'Duisburg', 'Guangdong Radio & TV University', '#Maroon', 'Holden', 'Niki', '2023-06-22 20:03:18', '2023-08-28 14:22:42'),
       ('jeong', 'Ariquemes', 'Bank Street College of Education', '#Khaki', 'Cam', 'Rich', '2023-03-18 11:45:44', '2023-06-28 12:04:01'),
       ('jeong', 'Oslo', 'Zaporizhzhe National University', '#Yellow', 'Zaccaria', 'Douglas', '2023-10-11 18:57:13', '2023-12-26 07:51:45'),
       ('jeong', 'Zhangjiayuan', 'University of Banja Luka', '#Pink', 'Eyde', 'Marthena', '2023-01-07 09:58:02', '2023-02-18 12:53:55'),
       ('jeong', 'Farshūţ', 'Trakya University', '#Indigo', 'Karlen', 'Harcourt', '2023-08-28 00:22:21', '2023-05-12 13:41:19'),
       ('jeong', 'Saḩāb', 'Fiji School of Medicine', '#Red', 'Brockie', 'John', '2023-06-15 09:45:31', '2023-05-15 00:50:01'),
       ('jeong', 'Poço Verde', 'University of Italian Studies for Foreigners of Perugia', '#Violet', 'Giuditta', 'Carlie', '2023-04-26 05:19:48', '2023-06-19 13:14:26'),
       ('jeong', 'Qizhen', 'Technological University (Sittwe)', '#Khaki', 'Saree', 'Bevon', '2023-05-16 01:39:50', '2023-09-28 22:24:44'),
       ('jeong', 'Troitsk', 'Hankuk University of Foreign Studies', '#Puce', 'Gavrielle', 'Desdemona', '2023-08-13 10:42:53', '2023-09-15 10:35:42'),
       ('jeong', 'Sai’erlong Xiang', 'Bentley College', '#Orange', 'Raquel', 'Drake', '2024-01-07 14:51:22', '2023-06-06 17:32:50'),
       ('jeong', 'Gucun', 'St. Anne University', '#Green', 'Katey', 'Marline', '2023-02-20 13:35:00', '2023-08-23 23:14:10'),
       ('jeong', 'Hengdaohezi', 'Shanghai Business School', '#Mauv', 'Marcy', 'Skell', '2024-01-02 03:32:09', '2024-01-24 14:30:23'),
       ('jeong', 'Port-aux-Français', 'Kotelawala Defence University', '#Goldenrod', 'Vonni', 'Katalin', '2023-08-07 04:12:49', '2024-01-14 11:31:54'),
       ('jeong', 'Sucun', 'Utica College', '#Teal', 'Brooke', 'Kayley', '2023-12-28 17:14:36', '2023-05-02 02:36:15'),
       ('jeong', 'Jiaoxiyakou', 'Trisakti Institute of Tourism ', '#Teal', 'Tabatha', 'Charil', '2023-01-25 02:51:01', '2023-04-01 07:42:26'),
       ('jeong', 'Plandirejo', 'Assam Agricultural University', '#Red', 'Warren', 'Hilly', '2023-11-29 04:11:17', '2023-09-18 12:10:28'),
       ('jeong', 'Mont-Saint-Hilaire', 'National-Louis University', '#Violet', 'Franni', 'Pierette', '2023-04-02 11:40:59', '2023-02-18 04:31:54'),
       ('jeong', 'Bicas', 'Universitas Sumatera Utara', '#Mauv', 'Vivia', 'Wallis', '2023-12-25 23:12:09', '2023-10-10 23:33:15'),
       ('jeong', 'Sua', 'Selangor Islamic University College', '#Aquamarine', 'Baldwin', 'Wain', '2023-01-04 01:29:25', '2023-05-28 08:35:30'),
       ('jeong', 'Zvishavane', 'Universitas Bung Hatta', '#Violet', 'Riordan', 'Farrand', '2023-10-30 02:50:47', '2023-04-19 11:49:27'),
       ('jeong', 'Borovany', 'Karachi Institute of Information Technology', '#Pink', 'Huey', 'Aila', '2023-06-26 04:13:01', '2023-12-11 19:39:09'),
       ('jeong', 'Cijangkar', 'Beykent University', '#Purple', 'Adam', 'Townsend', '2023-01-25 22:11:53', '2023-03-19 06:45:50'),
       ('jeong', 'Palampal', 'Universidad El Bosque', '#Khaki', 'Carolee', 'Pall', '2023-08-27 02:03:16', '2023-07-25 11:55:41'),
       ('jeong', 'Yuzhno-Sukhokumsk', 'Mississippi College', '#Goldenrod', 'Coriss', 'Meir', '2023-01-26 06:08:26', '2023-06-22 03:04:46'),
       ('jeong', 'Celso Ramos', 'Université de Bretagne Sud', '#Blue', 'Rafael', 'Jaclyn', '2023-09-22 05:47:11', '2023-08-06 14:45:55'),
       ('jeong', 'Utan', 'Colegio de San Juan de Letran', '#Crimson', 'Mel', 'Kearney', '2023-03-26 14:59:03', '2023-08-20 18:08:24'),
       ('jeong', 'Alto Río Senguer', 'University of Missouri - Columbia', '#Turquoise', 'Galven', 'Shani', '2023-03-12 04:27:58', '2023-05-24 17:23:14'),
       ('jeong', 'Yanhe', 'Notre Dame University', '#Red', 'Clarice', 'Cassy', '2023-09-12 23:37:58', '2023-02-17 22:49:57'),
       ('jeong', 'Lauro de Freitas', 'Lewis & Clark Community College', '#Crimson', 'Martelle', 'Cherice', '2023-03-04 13:45:03', '2023-11-10 12:23:21'),
       ('jeong', 'Pumwani', 'Fresno City College', '#Mauv', 'Murdock', 'Terry', '2023-09-23 15:29:49', '2024-01-05 14:15:33'),
       ('jeong', 'Heby', 'Kansai University of Social Welfare', '#Indigo', 'Kipp', 'Mordecai', '2023-10-18 11:01:46', '2023-10-19 10:33:23'),
       ('jeong', 'Pensacola', 'Ghazni University', '#Crimson', 'Vicki', 'Chen', '2023-02-15 19:37:23', '2023-09-19 15:23:24'),
       ('jeong', 'Ortigueira', 'Universität Erfurt', '#Green', 'Tarrance', 'Auberta', '2023-06-22 19:40:57', '2023-03-16 08:21:46'),
       ('jeong', 'Aktau', 'Addis Ababa Science & Technology University', '#Fuscia', 'Valentin', 'Emanuele', '2023-04-12 16:43:41', '2023-12-05 14:18:21'),
       ('jeong', 'Danilov', 'Hokkaido University of Health Sciences', '#Maroon', 'Vanessa', 'Hettie', '2023-08-26 08:01:33', '2024-01-12 09:06:21'),
       ('jeong', 'Chenda', 'Universidad Pontificia Bolivariana', '#Red', 'Wynnie', 'Forest', '2023-01-03 08:21:14', '2023-05-27 18:48:13'),
       ('jeong', 'Longping', 'Azerbaijan University', '#Purple', 'Rinaldo', 'Justin', '2023-11-12 14:18:05', '2023-05-27 09:13:30'),
       ('jeong', 'Sukamaju', ' Dedan Kimathi University of Technology', '#Blue', 'Harmon', 'Tyne', '2023-01-15 07:00:05', '2023-10-31 10:29:16'),
       ('jeong', 'Taizi', 'Universidad Lasallista Benavente', '#Aquamarine', 'Liana', 'Frederick', '2023-04-12 03:43:41', '2023-11-05 22:47:37'),
       ('jeong', 'Pochinki', 'Nova Scotia College of Art and Design', '#Turquoise', 'Wilbert', 'Horton', '2023-03-01 15:34:37', '2023-11-19 16:06:13'),
       ('jeong', 'Leon Postigo', 'Universidad Nacional de Piura', '#Purple', 'Reade', 'Charmion', '2023-01-30 20:57:39', '2023-12-26 17:42:45'),
       ('jeong', 'Dabancheng', 'Dnepropetrovsk National University', '#Turquoise', 'Emory', 'Eulalie', '2023-03-05 07:44:12', '2023-02-26 22:02:34'),
       ('jeong', 'Ringin Kembar', 'Universidad del Turismo', '#Indigo', 'Sean', 'Tobe', '2023-09-29 09:35:42', '2023-05-09 03:06:49'),
       ('jeong', 'Laiwu', 'Government College University Faisalabad', '#Teal', 'Federica', 'Devland', '2023-10-08 03:49:04', '2023-11-03 04:37:58'),
       ('jeong', 'Pengulu', 'University of Denver', '#Indigo', 'Saudra', 'Elise', '2023-12-30 19:12:32', '2023-09-01 17:10:34'),
       ('jeong', 'Ode', 'Hebrew University of Jerusalem', '#Pink', 'Nananne', 'Sutherland', '2023-03-13 17:54:58', '2023-12-24 14:47:37'),
       ('jeong', 'Pamiers', 'Shanghai Lixin University of Commerce', '#Khaki', 'Dierdre', 'Kenn', '2023-03-28 07:54:47', '2024-01-14 04:58:17'),
       ('jeong', 'Peixing', 'Wimbledon School of Art', '#Maroon', 'Kathe', 'Xenos', '2024-01-05 04:13:27', '2023-09-08 23:46:10'),
       ('jeong', 'Komes', 'Universidade Católica de Pelotas', '#Red', 'Cahra', 'Teirtza', '2023-03-04 16:44:52', '2023-03-11 22:48:36'),
       ('jeong', 'Shah Alam', 'Chukyo Women''s University', '#Yellow', 'Rosco', 'Bryce', '2023-03-24 17:51:33', '2023-01-16 19:35:05'),
       ('jeong', 'Grazhdanka', 'Applied Science University', '#Aquamarine', 'Beck', 'Pepillo', '2023-03-10 02:34:21', '2023-04-06 00:33:00'),
       ('jeong', 'Pierzchnica', 'Aligarh Muslim University', '#Violet', 'Aura', 'Giselle', '2023-06-06 17:37:37', '2023-08-06 16:26:08'),
       ('jeong', 'Gamawa', 'National University of Uzbekistan', '#Aquamarine', 'Filide', 'Esther', '2023-11-01 01:16:52', '2023-04-29 12:47:48'),
       ('jeong', 'Batutulis', 'University of Ulster', '#Puce', 'Aimil', 'Kimbra', '2023-06-19 07:29:09', '2023-03-29 13:16:48'),
       ('jeong', 'Barayong', 'Governors State University', '#Puce', 'Arvin', 'Jocelyn', '2023-05-22 14:21:47', '2023-05-07 03:48:59'),
       ('jeong', 'Łomianki', 'American Public University', '#Green', 'Earl', 'Mateo', '2023-11-17 16:05:26', '2023-01-21 10:01:54'),
       ('jeong', 'Naples', 'Pontificia Universidad Catolica de Chile', '#Puce', 'Harwell', 'Darrick', '2023-11-29 11:49:20', '2023-12-30 22:07:55'),
       ('jeong', 'Monching', 'City University of New York, Queens College', '#Mauv', 'Adrian', 'Gretel', '2023-03-06 19:51:03', '2023-11-17 12:32:37'),
       ('jeong', 'Bertoua', 'Nebraska Methodist College of Nursing and Allied Health', '#Khaki', 'Melisa', 'Teodorico', '2023-08-09 15:52:28', '2023-06-15 15:01:46'),
       ('jeong', 'Krasnyy Oktyabr’', 'Shenandoah University', '#Red', 'Nicolea', 'Jerald', '2023-08-19 19:54:20', '2024-01-23 16:32:09'),
       ('jeong', 'Zalaegerszeg', 'Hebrew College', '#Goldenrod', 'Ashley', 'Carol-jean', '2023-03-12 02:01:14', '2023-11-07 18:42:49'),
       ('jeong', 'San Vicente', 'German Jordanian University', '#Purple', 'Thom', 'Clint', '2023-05-25 08:06:37', '2024-01-16 02:09:04'),
       ('jeong', 'Montpellier', 'Ecole Superieure des Télécommunications', '#Mauv', 'Rice', 'Maybelle', '2023-05-22 02:07:13', '2023-05-24 21:51:49'),
       ('jeong', 'Portela', 'Asian University of Science and Technology', '#Orange', 'Sandro', 'Tomi', '2023-05-14 10:21:51', '2023-12-15 14:22:34'),
       ('jeong', 'Itararé', 'Kazan State Pedagogical University', '#Fuscia', 'Cecil', 'Pammy', '2023-10-13 22:27:55', '2023-10-31 12:44:32'),
       ('jeong', 'La Quebrada', 'Islamic Azad University, Saveh', '#Blue', 'Pearce', 'Othelia', '2023-12-31 21:49:39', '2023-03-30 23:01:36'),
       ('jeong', 'Arruda dos Vinhos', 'Loyola College in Maryland', '#Goldenrod', 'Dionysus', 'Niccolo', '2023-07-12 00:28:29', '2023-02-20 06:25:36'),
       ('jeong', 'Changsha', 'King Abdullah University of Science and Technology ', '#Puce', 'Courtnay', 'Mylo', '2023-04-04 07:35:19', '2023-03-09 23:56:23'),
       ('jeong', 'Świętochłowice', 'Ethiopian Civil Service University', '#Indigo', 'Jacynth', 'Catriona', '2023-02-08 08:56:20', '2023-04-24 13:26:32'),
       ('jeong', 'San Vicente Pacaya', 'Shawnee State University', '#Red', 'Janice', 'Pen', '2023-07-20 07:13:25', '2023-02-18 01:23:15'),
       ('jeong', 'Catungawan Sur', 'Instituto Politécnico de Bragança', '#Khaki', 'Kariotta', 'Armin', '2023-12-13 02:54:12', '2023-01-26 02:46:39'),
       ('jeong', 'Bogorejo', 'Instituto Universitario de Ciencias de la Salud Fundación H.A. Barceló', '#Puce', 'Francois', 'Ardra', '2023-09-12 08:41:32', '2023-11-19 05:38:18'),
       ('jeong', 'Citarik', 'Catholic University in Zimbabwe', '#Crimson', 'Vachel', 'Fleming', '2023-09-08 16:42:08', '2023-02-07 10:02:52');

insert into article_comment (article_id, user_id, content, created_at, modified_at, created_by, modified_by)
values (50,'jeong2', 'Nixon', '2023-08-29 09:18:19', '2023-12-05 17:55:11', 'Mariel', 'Challenger'),
       (29,'jeong2', 'Life in Flight ', '2023-04-17 10:19:51', '2023-05-23 19:12:04', 'Rhonda', 'Troy'),
       (60,'jeong2', 'Archangel', '2023-10-18 13:01:11', '2023-05-22 04:27:01', 'Nobie', 'Bolduc'),
       (94,'jeong2', 'Comancheros, The', '2023-02-27 15:14:19', '2023-02-20 01:24:13', 'Cristobal', 'Dixcey'),
       (63,'jeong', 'Magic Christmas Tree, The', '2023-05-13 08:23:00', '2023-11-13 17:37:08', 'Katinka', 'Stamps'),
       (69,'jeong', 'Human Behavior Experiments, The', '2023-10-03 05:22:48', '2024-01-21 15:11:06', 'Cesar', 'Corain'),
       (26,'jeong', 'Black Swan, The', '2023-09-17 23:35:31', '2023-09-01 00:43:28', 'Wolfgang', 'Edginton'),
       (16,'jeong', 'Comedy, The', '2023-06-20 18:33:39', '2023-09-02 16:34:57', 'Junette', 'Scherer'),
       (87,'jeong', 'Better Than Sex', '2023-09-18 03:08:42', '2023-02-17 02:48:26', 'Georgina', 'Hounsom'),
       (24,'jeong', 'Fausto 5.0', '2023-05-20 21:59:56', '2023-08-28 01:04:44', 'Amabel', 'Kinnock'),
       (77,'jeong', 'Tap', '2023-05-04 16:40:20', '2023-05-17 17:25:35', 'Andrej', 'Meas'),
       (54,'jeong', 'Penthouse', '2023-09-21 15:47:34', '2024-01-08 03:18:39', 'Niko', 'Fellgate'),
       (63,'jeong', 'Downstairs', '2023-07-05 05:04:16', '2023-12-21 17:22:31', 'Benoite', 'Rentcome'),
       (48,'jeong', 'Cinema Paradiso (Nuovo cinema Paradiso)', '2023-12-21 11:20:19', '2023-05-28 16:20:59', 'Charmine', 'Bresson'),
       (36,'jeong', 'Silent Souls (Ovsyanki)', '2023-08-21 17:33:30', '2023-11-10 02:27:16', 'Lynn', 'Spilsburie'),
       (42,'jeong', 'Hannibal', '2023-03-03 18:31:42', '2023-08-27 08:49:14', 'Mace', 'Kleyn'),
       (97,'jeong', 'Dances With the Dragons ( Yu long gong wu)', '2023-11-05 07:41:42', '2023-11-06 09:47:11', 'Meier', 'Trainer'),
       (86,'jeong', 'Father of Invention', '2024-01-29 17:21:37', '2023-07-11 02:51:29', 'Austin', 'Benting'),
       (1,'jeong', 'Prime of Miss Jean Brodie, The', '2023-11-17 22:09:13', '2023-12-30 00:42:29', 'Meredith', 'Orth'),
       (2,'jeong', 'Come September', '2023-08-20 00:23:04', '2023-04-22 10:33:45', 'Fidelia', 'Ackenson'),
       (69,'jeong', 'Andrei Rublev (Andrey Rublyov)', '2023-02-05 02:00:05', '2023-02-07 05:48:58', 'Bridgette', 'Bhar'),
       (47,'jeong', 'Onmyoji (Onmyoji: The Yin Yang Master)', '2023-06-26 10:00:38', '2023-03-14 03:48:04', 'Levon', 'Youthead'),
       (47,'jeong', 'Day Is Done', '2023-12-09 04:40:13', '2023-06-26 07:55:13', 'Kimberly', 'Every'),
       (19,'jeong', 'Prince Valiant', '2023-03-07 02:19:08', '2023-11-11 11:09:23', 'Zelda', 'Purcell'),
       (55,'jeong', 'Swing', '2023-08-28 15:54:43', '2023-11-19 22:15:03', 'Blanche', 'Maestro'),
       (1,'jeong', 'Archie To Riverdale and Back Again', '2023-09-21 11:43:24', '2023-08-03 05:44:15', 'Alena', 'Mourgue'),
       (75,'jeong', 'Show Boat', '2023-06-13 09:39:49', '2023-11-24 07:35:33', 'Mario', 'Jakeway'),
       (4,'jeong', 'Easy Street', '2023-07-08 14:31:10', '2023-06-07 21:49:14', 'Ode', 'Archbutt'),
       (82,'jeong', 'Guter Junge', '2023-07-26 20:27:29', '2023-07-05 10:18:44', 'Orsola', 'Chadney'),
       (86,'jeong', 'Rock, Paper, Scissors: The Way of the Tosser', '2023-10-13 03:42:15', '2023-04-10 15:29:25', 'Max', 'Giroldi'),
       (10,'jeong', 'Shape of Things to Come, The', '2023-04-23 17:16:21', '2023-02-20 11:52:58', 'Annnora', 'Valentim'),
       (13,'jeong', 'Shed No Tears (Känn ingen sorg)', '2023-11-28 22:51:02', '2023-02-24 19:09:58', 'Lindsay', 'MacIntosh'),
       (38,'jeong', 'Bedazzled', '2023-07-21 02:11:51', '2023-04-07 22:59:40', 'Ignacio', 'Giovannini'),
       (42,'jeong', 'Merchant of Venice, The', '2023-10-18 23:20:44', '2023-04-18 16:49:51', 'Dennie', 'Lardiner'),
       (47,'jeong', 'Ghost World', '2023-04-14 02:58:54', '2023-05-06 02:49:53', 'Dalis', 'Rimell'),
       (90,'jeong', 'The Suspended Step of the Stork', '2023-06-14 01:49:13', '2024-01-16 01:05:37', 'Rafaela', 'Izakson'),
       (83,'jeong', 'Monsieur Lazhar', '2023-09-02 03:30:39', '2023-09-13 22:18:08', 'Bellina', 'Pensom'),
       (25,'jeong', 'Pallbearer, The', '2023-10-20 09:34:46', '2024-01-11 20:14:57', 'Dennet', 'Matskevich'),
       (23,'jeong', 'Circus of Horrors', '2023-11-30 02:43:46', '2023-07-25 19:39:01', 'Obediah', 'Ovens'),
       (83,'jeong', 'Turning Point, The', '2023-04-01 20:03:34', '2023-11-15 06:59:43', 'Renaud', 'Pigrome'),
       (53,'jeong', 'Indie Game: The Movie', '2023-08-09 12:43:00', '2023-05-13 02:19:12', 'Axel', 'Alliband'),
       (40,'jeong', 'Circle of Deception, A', '2023-12-10 02:13:48', '2023-07-16 18:13:44', 'Towney', 'Byford'),
       (90,'jeong', 'Head Over Heels', '2023-09-10 22:13:35', '2023-09-30 06:25:52', 'Pietra', 'Heaps'),
       (80,'jeong', 'Elizabeth: The Golden Age', '2023-12-12 05:24:25', '2023-08-29 19:39:39', 'Nancie', 'Boorne'),
       (1,'jeong', 'Letters from a Killer', '2023-09-11 10:13:48', '2023-11-07 17:18:42', 'Renault', 'Bauckham'),
       (76,'jeong', 'Love Letter, The', '2023-04-02 02:59:01', '2023-07-26 13:29:07', 'Katalin', 'Creighton'),
       (13,'jeong', 'Turning, The', '2023-03-23 03:14:17', '2023-10-03 13:58:56', 'Delilah', 'Winfindine'),
       (65,'jeong', 'At Midnight I''ll Take Your Soul (À Meia-Noite Levarei Sua Alma)', '2024-01-25 15:09:46', '2023-12-30 06:15:35', 'Joaquin', 'Proske'),
       (18,'jeong', 'Palm Beach Story, The', '2023-11-30 19:15:54', '2024-01-03 12:40:29', 'Theodora', 'Sabates'),
       (7,'jeong', 'Kid Cannabis', '2023-09-02 06:00:17', '2023-10-26 15:01:56', 'Stevana', 'Frosdick'),
       (14,'jeong', 'Latcho Drom', '2023-08-03 20:46:35', '2023-04-03 19:44:13', 'Noak', 'Hounsham'),
       (96,'jeong', 'Someone Else''s America', '2023-04-16 05:22:40', '2023-05-26 07:04:04', 'Paolina', 'Boyett'),
       (90,'jeong', 'As Far As My Feet Will Carry Me (So weit die Füße tragen)', '2023-03-23 09:50:12', '2023-12-17 04:35:16', 'Darlene', 'Butterwick'),
       (72,'jeong', 'Harry in Your Pocket', '2023-06-10 07:59:36', '2023-12-29 02:38:41', 'Caresa', 'Boanas'),
       (24,'jeong', 'Barry Lyndon', '2023-05-14 19:08:24', '2023-07-08 14:17:37', 'Vanda', 'Coplestone'),
       (38,'jeong', 'Rock-A-Doodle', '2023-04-09 14:54:43', '2024-01-19 13:03:13', 'Ddene', 'Bembrick'),
       (73,'jeong', 'Bleeding House, The', '2023-09-08 09:39:08', '2024-01-14 17:51:29', 'Simone', 'Curgenuer'),
       (14,'jeong', 'Blood and Bones (Chi to hone)', '2023-08-07 16:47:23', '2023-04-06 08:25:12', 'Pace', 'Haffenden'),
       (94,'jeong', 'Sex: The Annabel Chong Story', '2023-07-10 05:59:19', '2023-10-07 22:01:36', 'Starlene', 'De Avenell'),
       (83,'jeong', 'Molly Maxwell', '2023-07-09 00:35:33', '2023-04-01 12:42:29', 'Marvin', 'Tither'),
       (31,'jeong', 'Gotti', '2024-01-17 03:49:09', '2023-07-16 19:01:49', 'Rikki', 'Baynom'),
       (100,'jeong', 'Osterman Weekend, The', '2023-03-22 04:42:31', '2023-06-07 20:27:41', 'Donovan', 'Avey'),
       (1,'jeong', 'How Bruce Lee Changed the World', '2023-06-06 04:25:14', '2023-04-15 21:55:19', 'Grata', 'Bultitude'),
       (24,'jeong', 'Asterix in Britain (Astérix chez les Bretons)', '2023-09-05 10:53:51', '2023-07-13 20:57:39', 'Jessalyn', 'Lovewell'),
       (11,'jeong', 'Stolen Face', '2023-08-15 06:53:04', '2023-05-20 06:04:48', 'Tomi', 'Turnor'),
       (58,'jeong', 'Black River (Kuroi kawa)', '2023-02-25 17:00:13', '2023-02-06 02:23:46', 'Lane', 'Vellden'),
       (16,'jeong', 'Wichita', '2023-10-29 05:31:50', '2023-11-11 05:17:00', 'Guthry', 'Few'),
       (100,'jeong', 'Killjoy Goes to Hell', '2023-12-27 02:34:53', '2023-12-07 19:47:47', 'Grace', 'Ayce'),
       (17,'jeong', '15', '2023-03-08 23:03:26', '2023-06-17 23:02:40', 'Alysa', 'Rapp'),
       (45,'jeong', 'Mad Love (Sappho)', '2023-11-17 16:01:31', '2023-11-17 20:22:12', 'Emmott', 'Cargill'),
       (95,'jeong', 'Story of Us, The', '2023-04-10 05:23:15', '2023-06-27 00:48:27', 'Sydelle', 'Jouannot'),
       (37,'jeong', 'Chasing Amy', '2023-12-03 13:51:14', '2023-08-16 19:47:37', 'Rena', 'Dabney'),
       (57,'jeong', 'Last Life in the Universe (Ruang rak noi nid mahasan)', '2023-02-06 09:26:15', '2023-02-23 23:51:24', 'Maureene', 'Clemens'),
       (81,'jeong', 'Coronado', '2024-01-17 17:56:27', '2023-06-03 02:32:53', 'Carlynn', 'Dury'),
       (45,'jeong', 'Fast Food Nation', '2024-01-17 09:59:21', '2023-05-26 06:30:03', 'Adena', 'Griffe'),
       (60,'jeong', 'For Keeps', '2023-09-20 09:11:34', '2023-09-14 07:26:35', 'Corabella', 'Lydall'),
       (8,'jeong', 'Wise Blood', '2023-01-31 17:35:48', '2023-12-06 00:29:24', 'Coral', 'O''Hartnedy'),
       (97,'jeong', 'Thin Red Line, The', '2023-12-02 11:32:43', '2023-06-27 05:18:57', 'Sharline', 'Spring'),
       (80,'jeong', 'Mad Max', '2023-02-07 00:19:35', '2023-02-14 20:04:15', 'Randal', 'Culpen'),
       (45,'jeong', 'Aliens of the Deep', '2023-07-01 13:52:53', '2024-01-27 04:39:05', 'Tiffani', 'Genge'),
       (51,'jeong', 'Strada, La', '2023-03-20 08:02:46', '2023-09-23 07:41:14', 'Angie', 'Benyon'),
       (50,'jeong', 'Gothika', '2023-07-25 23:53:41', '2023-08-05 17:50:03', 'Kenny', 'Sheals'),
       (63,'jeong', 'Witnesses, The (Les témoins)', '2023-11-03 14:09:38', '2023-12-01 22:45:53', 'Christian', 'Redier'),
       (82,'jeong', 'Enemies of Reason, The', '2023-09-09 17:36:30', '2023-06-16 08:42:06', 'Candice', 'Hurndall'),
       (59,'jeong', 'Before the Rains', '2023-11-21 05:28:55', '2023-12-01 13:59:16', 'Tyrone', 'Brellin'),
       (87,'jeong', 'Something''s Gonna Live', '2023-02-22 09:42:26', '2023-02-15 06:29:51', 'Cordie', 'Brissenden'),
       (9,'jeong', 'Dangerous Method, A', '2023-09-03 19:12:42', '2023-04-06 17:19:11', 'Candida', 'Semaine'),
       (53,'jeong', 'Puss in Boots (Nagagutsu o haita neko)', '2023-11-15 18:42:21', '2023-03-27 06:59:13', 'Avrit', 'Whitwell'),
       (89,'jeong', 'Head in the Clouds', '2023-02-24 18:41:27', '2023-02-02 07:50:09', 'Chiquita', 'Bromage'),
       (8,'jeong', 'Milka - A Film About Taboos (Milka - elokuva tabuista)', '2023-02-02 17:22:22', '2023-04-26 06:32:11', 'Ulrika', 'Cornbell'),
       (41,'jeong', 'From Dad to Son', '2023-07-13 07:00:11', '2023-08-19 02:45:07', 'Renate', 'Hollingdale'),
       (63,'jeong', 'Corruptor, The', '2024-01-24 21:04:02', '2023-05-14 11:29:08', 'Antony', 'Shimuk'),
       (72,'jeong', 'Fearless Vampire Killers, The', '2023-07-12 09:55:57', '2023-06-08 11:45:12', 'Gabriela', 'Colquite'),
       (36,'jeong', 'Demonic Toys', '2023-08-16 11:10:48', '2023-07-24 02:58:04', 'Kristy', 'Gedney'),
       (7,'jeong', 'Children in the Wind (Kaze no naka no kodomo)', '2023-07-19 11:09:12', '2024-01-08 19:16:16', 'Geralda', 'Adolfson'),
       (28,'jeong', 'Making Mr. Right', '2024-01-14 19:46:06', '2023-04-04 21:03:03', 'Erinn', 'Aleksich'),
       (39,'jeong', 'Scent of a Woman', '2023-11-25 14:47:26', '2023-04-22 20:59:39', 'Elaina', 'Bygrave'),
       (99,'jeong', 'Companeros (Vamos a matar, compañeros)', '2023-10-11 10:33:41', '2023-02-08 16:33:03', 'Francklyn', 'Verry'),
       (58,'jeong', 'To Hell and Back', '2024-01-06 18:08:11', '2023-09-25 22:27:12', 'Dag', 'Annies'),
       (31,'jeong', 'One Foot in Heaven', '2023-11-16 15:59:48', '2023-10-11 01:06:02', 'Raynor', 'Titcombe'),
       (4,'jeong', 'Bread and Tulips (Pane e tulipani)', '2023-06-21 23:01:58', '2023-06-03 13:03:28', 'Sybille', 'Vigne'),
       (38,'jeong', 'Virginia''s Run', '2023-09-16 01:14:09', '2023-07-17 19:28:55', 'Sophronia', 'Brissenden'),
       (21,'jeong', 'Mayor of the Sunset Strip', '2023-08-31 16:09:42', '2023-02-26 14:18:12', 'Osmund', 'Marmon'),
       (52,'jeong', 'Pirates of Silicon Valley', '2023-04-15 17:03:15', '2023-05-31 03:29:42', 'Dewey', 'Harbidge'),
       (68,'jeong', 'Terrorizers, The (Kong bu fen zi)', '2024-01-06 06:57:44', '2024-01-01 12:46:54', 'Alexander', 'Digance'),
       (65,'jeong', 'Bible, The (a.k.a. Bible... In the Beginning, The)', '2023-11-02 20:05:34', '2023-05-06 21:50:32', 'Duane', 'Pashenkov'),
       (8,'jeong', 'Free Men (Les hommes libres)', '2023-04-02 10:00:09', '2023-05-11 07:32:38', 'Ulrika', 'Laingmaid'),
       (99,'jeong', 'Blue Hawaii', '2023-06-06 01:56:58', '2024-01-16 18:36:29', 'Peirce', 'Bolin'),
       (32,'jeong', 'Happy Here and Now', '2023-05-11 09:43:27', '2023-10-31 18:18:02', 'Perceval', 'Landre'),
       (67,'jeong', 'Monsters University', '2023-06-01 05:33:54', '2023-09-13 09:43:43', 'Mason', 'Shenley'),
       (20,'jeong', 'Sweethearts', '2023-11-18 00:45:35', '2024-01-11 20:41:51', 'Belicia', 'Ruperti'),
       (2,'jeong', 'New York: A Documentary Film', '2023-05-07 01:16:10', '2023-05-26 17:07:09', 'Wendel', 'Dunnet'),
       (38,'jeong', 'Quiet, The', '2023-04-12 06:48:24', '2023-05-26 16:59:20', 'Tracey', 'Brimson'),
       (95,'jeong', 'Godsend', '2023-03-08 14:46:07', '2023-07-22 14:44:44', 'Upton', 'Cail'),
       (76,'jeong', 'Good News', '2024-01-04 02:07:58', '2023-06-12 20:07:52', 'Fulton', 'Yanele'),
       (1,'jeong', 'Mare Nostrum', '2023-09-08 01:09:48', '2023-07-29 23:59:54', 'Heinrick', 'Lamont'),
       (46,'jeong', 'Half Past Dead', '2024-01-06 08:12:58', '2023-06-05 11:57:34', 'Sandra', 'O''Towey'),
       (41,'jeong', 'Camille Claudel 1915', '2023-04-08 16:48:43', '2023-07-25 15:32:47', 'Marve', 'Crathorne'),
       (14,'jeong', 'Tere Bin Laden', '2023-05-20 19:41:50', '2023-12-05 21:51:47', 'Garrot', 'Nelle'),
       (67,'jeong', 'Black Peter (Cerný Petr)', '2023-03-15 08:44:49', '2023-12-10 18:47:36', 'Giustino', 'Sebborn'),
       (94,'jeong', 'Even Cowgirls Get the Blues', '2023-04-23 13:52:37', '2023-11-01 15:38:44', 'Sayre', 'Heber'),
       (14,'jeong', 'Why Stop Now', '2023-09-20 09:16:16', '2023-12-30 04:27:20', 'Daniel', 'Sharpous'),
       (92,'jeong', 'Skin', '2023-08-04 02:23:56', '2023-08-15 14:16:51', 'Butch', 'Barme'),
       (54,'jeong', 'Laws of Attraction', '2023-04-07 08:10:32', '2023-02-08 08:38:32', 'Keely', 'Siberry'),
       (33,'jeong', 'Killer Elite', '2023-04-18 20:10:12', '2023-10-07 23:35:41', 'Darrell', 'Albrighton'),
       (2,'jeong', 'Enter the Void', '2023-10-08 04:59:33', '2023-06-28 02:36:53', 'Dorelia', 'Mattersley'),
       (45,'jeong', 'Calling Dr. Death', '2024-01-27 15:56:52', '2023-08-14 08:10:07', 'Vanni', 'Suggett'),
       (71,'jeong', 'Big Bang in Tunguska (Das Rätsel von Tunguska)', '2023-11-19 08:35:05', '2023-06-06 09:46:35', 'Belle', 'Leary'),
       (23,'jeong', 'White Dog', '2023-03-13 06:34:34', '2023-05-27 23:05:20', 'Lelah', 'Upham'),
       (23,'jeong', 'Jakob the Liar', '2023-08-01 11:52:44', '2023-04-29 09:35:06', 'Barrie', 'Knee'),
       (8,'jeong', '99 francs', '2023-04-12 21:44:39', '2023-04-24 01:47:55', 'Doria', 'Von Welldun'),
       (16,'jeong', 'Murder by Proxy: How America Went Postal', '2023-08-02 03:40:29', '2023-10-26 15:35:26', 'Carmencita', 'Sullly'),
       (85,'jeong', 'Música Campesina (Country Music)', '2023-07-08 16:03:42', '2023-06-03 14:04:53', 'Creighton', 'Duthie'),
       (65,'jeong', 'Busting', '2023-07-13 20:10:33', '2024-01-06 18:31:50', 'Thornie', 'Bootton'),
       (26,'jeong', 'Valet, The (La doublure)', '2023-02-16 01:07:00', '2024-01-23 01:02:12', 'Donalt', 'McGeorge'),
       (17,'jeong', 'Tree of Wooden Clogs, The (L''albero degli zoccoli)', '2023-11-16 20:56:18', '2023-09-12 19:31:22', 'Zora', 'Sneaker'),
       (54,'jeong', 'Sommersby', '2023-09-03 10:44:54', '2023-05-20 20:19:03', 'Lyndy', 'Redsull'),
       (17,'jeong', 'Freedom Song', '2023-06-14 15:15:16', '2023-05-30 09:39:18', 'Inga', 'Coldicott'),
       (50,'jeong', '23 Paces to Baker Street', '2023-07-12 10:30:10', '2023-09-08 17:32:25', 'Vivyan', 'Cyson'),
       (27,'jeong', 'Off the Black', '2023-05-24 16:39:48', '2024-01-10 18:36:49', 'Katharyn', 'Tatterton'),
       (65,'jeong', 'Swamp Water', '2023-12-31 14:35:25', '2023-10-26 10:04:31', 'Reuven', 'Sterke'),
       (56,'jeong', 'Beyond the Poseidon Adventure', '2023-09-17 16:09:26', '2023-05-18 10:08:30', 'Hilary', 'Sargint'),
       (7,'jeong', 'Julius Caesar', '2023-04-25 07:42:13', '2023-04-19 07:00:11', 'Judith', 'Beales'),
       (93,'jeong', '6 Days to Air: The Making of South Park', '2023-11-15 13:12:16', '2023-05-22 11:23:09', 'Analiese', 'Sallans'),
       (54,'jeong', 'The Night Evelyn Came Out of the Grave', '2023-05-12 23:50:36', '2023-02-22 12:03:32', 'Jackie', 'Aireton'),
       (44,'jeong', 'DMT: The Spirit Molecule', '2023-06-16 12:59:37', '2023-04-26 03:03:43', 'Rudiger', 'Ropars'),
       (97,'jeong', 'Lost Youth', '2023-05-14 03:02:43', '2023-10-05 14:57:06', 'Jeremy', 'Ogley'),
       (65,'jeong', 'Leather Jacket Love Story', '2023-09-24 07:10:49', '2023-08-25 01:31:05', 'Benedicta', 'Meriguet'),
       (38,'jeong', 'Stanley and Livingstone', '2024-01-12 22:14:44', '2023-06-09 18:06:40', 'Megan', 'Bolan'),
       (72,'jeong', 'Badmaash Company', '2023-05-21 23:00:46', '2023-12-11 23:10:16', 'Binky', 'Justham'),
       (71,'jeong', 'Wavelength', '2024-01-27 21:43:58', '2023-07-14 23:06:07', 'Merrili', 'Beaford'),
       (37,'jeong', 'Punisher, The', '2023-12-26 00:47:39', '2023-12-03 12:31:48', 'Papagena', 'Mullally'),
       (46,'jeong', 'Stardust', '2023-08-28 03:15:29', '2023-05-24 18:21:43', 'Rozamond', 'Telega'),
       (52,'jeong', 'Pretty Sweet', '2023-07-11 07:01:09', '2023-04-01 00:19:54', 'Meggie', 'Ewdale'),
       (4,'jeong', 'Exterminating Angel, The (Ángel exterminador, El)', '2023-08-24 06:44:27', '2023-06-15 14:56:59', 'Patten', 'Juppe'),
       (26,'jeong', 'Mechanic, The', '2023-01-31 19:06:08', '2023-11-20 21:21:49', 'Leshia', 'Rainsbury'),
       (47,'jeong', 'Terror of Mechagodzilla (Mekagojira no gyakushu)', '2023-11-04 10:46:09', '2023-08-01 17:17:21', 'Matthus', 'Kewish'),
       (28,'jeong', 'Photographer (Fotoamator)', '2023-10-25 23:10:34', '2023-06-05 01:02:05', 'Wyatan', 'Balsom'),
       (9,'jeong', 'Halloween III: Season of the Witch', '2023-09-24 02:19:21', '2023-09-12 00:52:35', 'Ricardo', 'Cahalin'),
       (91,'jeong', 'Fan, The', '2023-03-19 15:24:36', '2023-10-18 05:44:23', 'Frances', 'Messiter'),
       (32,'jeong', 'Pin...', '2023-03-10 02:19:52', '2024-01-24 05:13:01', 'Tiler', 'Lavington'),
       (99,'jeong', 'Andalusian Dog, An (Chien andalou, Un)', '2023-06-12 14:53:27', '2023-02-06 01:55:46', 'Roth', 'Trousdale'),
       (20,'jeong', 'Way of War, The', '2024-01-29 06:59:38', '2023-05-31 03:52:00', 'Jeanine', 'Dible'),
       (39,'jeong', 'Tell No One (Ne le dis à personne)', '2023-04-26 23:24:33', '2023-11-12 13:14:55', 'Windham', 'Atkirk'),
       (50,'jeong', 'Are We There Yet?', '2023-05-23 23:00:21', '2024-01-29 20:06:07', 'Francklyn', 'Klawi'),
       (5,'jeong', 'Slacker', '2023-12-23 01:02:17', '2023-04-14 20:13:36', 'Skippy', 'Wallworke'),
       (54,'jeong', 'Red Riding: 1974', '2023-04-04 06:26:19', '2024-01-06 03:02:56', 'Jannel', 'Steagall'),
       (44,'jeong', 'Movie Movie', '2023-12-19 04:00:59', '2023-10-30 06:44:37', 'Caleb', 'Trevorrow'),
       (15,'jeong', 'Journey to Saturn (Rejsen til Saturn)', '2023-10-14 23:04:21', '2023-02-23 17:41:06', 'Tudor', 'Gonthard'),
       (86,'jeong', 'My Boyfriend''s Back', '2023-07-05 00:11:48', '2024-01-18 00:29:49', 'Barny', 'Ellwand'),
       (45,'jeong', 'Miss Austen Regrets', '2023-08-17 15:52:55', '2023-05-17 14:33:33', 'Renard', 'Hassard'),
       (54,'jeong', 'Sidewalls (Medianeras)', '2023-05-03 10:40:27', '2023-03-23 17:56:58', 'Marshall', 'Commins'),
       (24,'jeong', 'Deeper Shade of Blue, A', '2023-12-09 22:49:54', '2023-10-15 20:46:15', 'Marnie', 'Gniewosz'),
       (25,'jeong', '8 (8, the Play)', '2023-12-17 22:59:12', '2023-04-24 08:01:31', 'Jarrid', 'Pancost'),
       (43,'jeong', 'Trailer Park of Terror', '2023-08-04 04:43:21', '2023-03-16 22:38:51', 'Truman', 'Keuntje'),
       (6,'jeong', 'Panic Room', '2023-10-20 06:36:05', '2023-05-07 13:36:06', 'Matthias', 'Pape'),
       (89,'jeong', 'Unforgettable', '2024-01-18 06:59:13', '2023-05-02 00:23:34', 'Willis', 'Nial'),
       (8,'jeong', 'La guerre des tuques', '2023-09-11 11:55:26', '2023-10-17 22:59:08', 'Pierette', 'Swiffin'),
       (36,'jeong', 'California Dreamin'' (Nesfarsit)', '2023-02-05 19:09:51', '2023-05-21 04:30:42', 'Idette', 'Meadows'),
       (25,'jeong', 'Come Live with Me', '2023-12-23 15:00:18', '2023-08-09 08:44:37', 'Stacee', 'Ferriday'),
       (15,'jeong', 'Amistad', '2023-04-10 06:03:34', '2023-04-29 11:33:42', 'Morley', 'Garahan'),
       (13,'jeong', 'Dot the I', '2023-08-21 07:27:52', '2023-02-05 15:56:08', 'Zollie', 'Chambers'),
       (80,'jeong', 'Foxcatcher', '2023-08-16 00:05:57', '2023-12-15 21:16:36', 'Jamal', 'Hampton'),
       (93,'jeong', 'Saving Sarah Cain', '2024-01-11 18:03:08', '2023-06-15 19:02:45', 'Catherin', 'Beadnell'),
       (24,'jeong', 'Liar Liar', '2023-04-13 06:57:09', '2023-03-21 22:06:19', 'Cointon', 'Ballach'),
       (53,'jeong', 'Around the World in 80 Days', '2023-04-09 03:54:54', '2023-12-25 18:12:38', 'Johnathan', 'Vargas'),
       (59,'jeong', 'Surviving the Game', '2023-11-26 09:32:48', '2023-07-04 09:34:24', 'Ximenes', 'Jermey'),
       (63,'jeong', 'Good Vibrations', '2023-06-14 09:48:26', '2023-12-29 03:26:34', 'Alastair', 'Raffan'),
       (37,'jeong', 'Bang Bang Club, The', '2023-11-23 13:47:15', '2023-09-13 04:11:25', 'Gabbie', 'Perton'),
       (45,'jeong', 'Witless Protection', '2024-01-24 19:19:33', '2023-03-10 07:13:38', 'Harmonia', 'Phelan'),
       (26,'jeong', 'Champion, The', '2023-05-09 05:05:40', '2023-09-19 17:01:13', 'Alasdair', 'Skough'),
       (68,'jeong', 'Ira and Abby', '2023-06-09 02:02:59', '2023-11-29 10:38:35', 'Tabina', 'Irving'),
       (11,'jeong', 'Foxcatcher', '2023-02-14 03:50:20', '2023-12-12 22:16:49', 'Alaster', 'Bignall'),
       (3,'jeong', 'Jerry Springer: Ringmaster', '2023-05-04 20:45:07', '2023-05-20 21:36:35', 'Obadiah', 'Taysbil'),
       (37,'jeong', 'Silent Witness (Do Not Disturb)', '2023-06-23 23:54:13', '2023-09-01 22:26:14', 'Kriste', 'Swiers'),
       (5,'jeong', 'Cinderella Man', '2023-07-29 07:28:30', '2023-06-24 02:08:58', 'Brunhilda', 'Covington'),
       (98,'jeong', 'Town That Dreaded Sundown, The', '2023-07-01 13:58:54', '2023-02-08 12:48:42', 'Alric', 'Warden'),
       (62,'jeong', 'More the Merrier, The', '2023-04-26 14:08:51', '2023-12-29 13:38:19', 'Delora', 'McGrane'),
       (27,'jeong', 'Age of Uprising: The Legend of Michael Kohlhaas (Michael Kohlhaas)', '2023-03-23 23:28:43', '2023-10-11 11:14:07', 'Shalna', 'Carne'),
       (15,'jeong', 'Krakatoa, East of Java', '2023-06-19 04:19:21', '2023-08-15 15:33:20', 'Jilly', 'Huckin'),
       (68,'jeong', 'Dumb & Dumber (Dumb and Dumber)', '2023-07-29 18:19:35', '2023-03-05 12:17:58', 'Lianna', 'Pretti'),
       (27,'jeong', 'An Empress and the Warriors', '2023-03-09 14:57:35', '2023-04-08 06:04:45', 'Lauren', 'Brownill'),
       (82,'jeong', 'Green Dolphin Street', '2023-06-09 06:44:32', '2023-09-22 12:54:38', 'Abbi', 'Aizikovich'),
       (48,'jeong', 'Enigma', '2023-10-31 03:06:42', '2023-08-12 13:23:13', 'Bondie', 'Scullion'),
       (80,'jeong', 'Kvarteret Skatan reser till Laholm', '2023-04-08 10:20:49', '2023-12-27 06:56:48', 'Bertie', 'Darrington'),
       (64,'jeong', 'Men with Guns', '2023-10-29 05:41:25', '2023-12-20 02:17:50', 'Inessa', 'Turnor'),
       (72,'jeong', 'Division III: Football''s Finest', '2023-11-21 13:44:11', '2023-07-06 19:21:10', 'Marilin', 'Jullian'),
       (28,'jeong', 'Crime on the Highway', '2023-12-20 01:45:21', '2023-10-22 05:05:23', 'Zelma', 'Grimston'),
       (84,'jeong', 'Samson & Sally', '2023-07-06 16:07:00', '2023-07-30 21:54:10', 'Herminia', 'O''Grada'),
       (59,'jeong', 'They All Laughed', '2023-11-18 11:25:55', '2023-05-18 02:20:01', 'Angelique', 'Tailby'),
       (4,'jeong', 'Katzelmacher', '2023-03-21 05:17:18', '2023-12-12 04:56:11', 'Peria', 'Ryle'),
       (35,'jeong', 'Desperados, The', '2023-03-25 13:01:53', '2023-08-12 03:19:51', 'Royall', 'Haythornthwaite'),
       (13,'jeong', 'Horse Soldiers, The', '2023-04-09 17:12:16', '2023-06-23 01:06:08', 'Queenie', 'Thomelin'),
       (97,'jeong', 'Bishop Murder Case, The', '2023-10-19 17:27:03', '2023-12-18 14:11:56', 'Morganne', 'Dyte'),
       (74,'jeong', 'Night Editor', '2023-09-24 11:28:53', '2024-01-10 16:01:42', 'Alvira', 'Calcut'),
       (6,'jeong', 'Peter & the Wolf', '2023-07-21 09:42:43', '2023-10-11 02:44:31', 'Elvyn', 'Marcombe'),
       (29,'jeong', 'Jaws: The Revenge', '2023-05-20 01:32:05', '2023-10-14 08:00:46', 'Ely', 'Fedder'),
       (18,'jeong', 'Light of Day', '2023-09-16 10:30:16', '2023-05-08 22:37:19', 'Corbett', 'Soldi'),
       (29,'jeong', 'Traffic Affairs (Mitfahrer)', '2023-09-03 17:44:16', '2023-03-25 23:05:38', 'Romona', 'Dounbare'),
       (87,'jeong', 'Quackser Fortune Has a Cousin in the Bronx', '2023-10-06 03:45:25', '2023-06-01 09:07:37', 'Leda', 'Huggons'),
       (82,'jeong', 'Just Write', '2023-03-03 12:34:30', '2023-08-10 14:58:30', 'Clementius', 'Snashall'),
       (39,'jeong', 'Fox and His Friends (Faustrecht der Freiheit)', '2023-12-31 18:26:46', '2023-03-28 18:42:15', 'Eb', 'Joincey'),
       (88,'jeong', 'Waist Deep', '2023-07-14 01:49:10', '2023-04-09 03:23:14', 'Emiline', 'McAviy'),
       (84,'jeong', 'Fists in the Pocket (Pugni in tasca, I)', '2023-03-10 04:55:18', '2023-12-04 12:37:52', 'Anastassia', 'Thieme'),
       (31,'jeong', 'Stranger in Me, The (Das Fremde in mir)', '2023-04-24 07:32:22', '2023-05-27 13:46:51', 'Traver', 'Patshull'),
       (86,'jeong', 'Son of the Mask', '2023-12-17 13:50:32', '2023-08-23 19:36:05', 'Daphna', 'Tappor'),
       (73,'jeong', 'Texas', '2023-12-07 18:19:01', '2023-10-07 02:51:23', 'Iormina', 'Bech'),
       (44,'jeong', 'Resurrect Dead: The Mystery of the Toynbee Tiles', '2023-05-02 20:05:49', '2023-11-25 14:26:47', 'Reinaldo', 'Rossiter'),
       (54,'jeong', 'Tokyo Godfathers', '2023-12-20 18:26:11', '2023-06-24 00:39:49', 'Velma', 'Pounds'),
       (45,'jeong', 'Young Again', '2023-04-15 04:43:41', '2023-10-13 15:23:45', 'Del', 'Redferne'),
       (76,'jeong', 'Thing, The', '2023-04-07 11:52:16', '2023-02-15 12:38:35', 'Helge', 'Sitford'),
       (20,'jeong', 'Bionicle 3: Web of Shadows', '2024-01-11 21:34:56', '2023-10-03 07:57:03', 'Romona', 'Novichenko'),
       (70,'jeong', 'Age of the Dragons', '2023-08-30 04:45:19', '2023-03-04 07:52:27', 'Otes', 'Manchett'),
       (48,'jeong', 'Deep End', '2023-12-18 08:41:06', '2023-07-01 02:01:06', 'Dominick', 'Pyatt'),
       (66,'jeong', 'Green Butchers, The (Grønne slagtere, De)', '2023-11-21 14:38:21', '2023-02-15 13:54:14', 'Nanon', 'Castrillo'),
       (53,'jeong', 'Soldier', '2023-03-01 00:33:19', '2023-06-17 15:49:36', 'Jayne', 'Gowling'),
       (99,'jeong', 'Grayeagle', '2023-02-05 16:51:25', '2023-09-13 21:30:41', 'Caresa', 'Bruckstein'),
       (75,'jeong', 'Mafioso', '2023-02-22 22:26:21', '2023-11-02 20:45:50', 'Dallis', 'Heyworth'),
       (40,'jeong', 'Rise of the Zombies', '2023-12-06 17:11:56', '2023-11-23 02:12:42', 'Brad', 'Ormshaw'),
       (48,'jeong', 'God''s Little Acre', '2023-07-17 17:14:57', '2023-03-29 09:08:04', 'Dara', 'Dene'),
       (97,'jeong', 'House Party 3', '2023-05-23 16:48:29', '2023-06-09 02:57:53', 'Barbabas', 'Pashe'),
       (75,'jeong', 'Loft', '2023-03-31 20:06:47', '2023-08-14 01:02:36', 'Kara-lynn', 'Mereweather'),
       (37,'jeong', 'Generale Della Rovere, Il', '2023-07-19 13:08:39', '2023-08-02 09:40:19', 'Morley', 'Becaris'),
       (34,'jeong', 'Chapter 27', '2023-04-25 12:21:01', '2023-05-31 07:30:48', 'Othelia', 'Mustoe'),
       (52,'jeong', 'Switch, The', '2023-09-18 07:00:50', '2023-08-08 02:55:39', 'Arleen', 'Deam'),
       (74,'jeong', 'Dragonheart 2: A New Beginning', '2023-09-23 23:06:00', '2023-09-24 13:23:52', 'Jessika', 'Beran'),
       (16,'jeong', 'Run of the Arrow', '2023-04-23 10:05:43', '2023-04-13 01:54:23', 'Casar', 'Peacey'),
       (81,'jeong', 'The Best of Me', '2023-09-05 21:05:14', '2023-06-27 08:02:29', 'Braden', 'D''Errico'),
       (71,'jeong', 'Floating Weeds (Ukigusa)', '2023-08-20 12:09:54', '2023-12-19 03:26:16', 'Constantino', 'Gremain'),
       (93,'jeong', 'ChubbChubbs!, The', '2023-08-20 00:39:44', '2023-06-06 03:10:12', 'Kit', 'Gunston'),
       (6,'jeong', 'Riptide', '2023-12-13 14:48:38', '2023-04-12 12:39:07', 'Albert', 'Attrie'),
       (12,'jeong', 'Adam''s Rib', '2023-02-08 23:59:26', '2024-01-21 01:38:24', 'Gherardo', 'Diplock'),
       (21,'jeong', 'Masculin Féminin', '2023-10-28 13:56:53', '2023-08-04 09:46:59', 'Atlante', 'Luten'),
       (79,'jeong', 'Batman Forever', '2023-10-04 09:47:59', '2023-12-13 16:39:51', 'Joelynn', 'Blackborow'),
       (64,'jeong', 'Day They Robbed the Bank of England, The', '2023-10-03 08:52:56', '2023-03-30 19:31:10', 'Prince', 'Thake'),
       (83,'jeong', 'Lost Boys: The Tribe', '2023-06-01 19:39:21', '2024-01-29 07:36:34', 'Mariann', 'Caulwell'),
       (75,'jeong', 'Attack of the Crab Monsters', '2023-11-14 11:54:18', '2023-07-20 21:58:53', 'Robbin', 'von Grollmann'),
       (5,'jeong', 'Murder à la Mod', '2023-04-02 17:42:20', '2023-06-22 10:39:59', 'Barrie', 'O''Docherty'),
       (29,'jeong', 'Christmas in Conway', '2023-04-10 10:56:30', '2023-04-17 18:19:49', 'Christal', 'MacDonell'),
       (65,'jeong', 'The Adventures of Tom Thumb & Thumbelina', '2024-01-08 09:01:29', '2023-03-29 04:20:54', 'Kincaid', 'Innes'),
       (9,'jeong', 'Your Friend the Rat', '2023-03-24 06:48:32', '2023-02-19 06:37:48', 'Meade', 'Willerton'),
       (95,'jeong', 'Two Kilers (Kilerów 2-óch)', '2023-05-25 03:13:24', '2023-05-28 07:34:43', 'Phyllis', 'Portam'),
       (99,'jeong', 'In Order of Disappearance (Kraftidioten)', '2023-10-21 14:31:25', '2023-09-15 23:50:02', 'Kayle', 'Purkess'),
       (52,'jeong', 'Barnacle Bill', '2023-12-09 23:34:41', '2023-05-31 06:39:49', 'Orelle', 'Clemonts'),
       (85,'jeong', 'Say Anything...', '2023-11-03 20:01:01', '2023-10-04 12:20:42', 'Marlowe', 'Marklund'),
       (55,'jeong', 'Buster', '2023-10-02 12:21:38', '2023-06-08 03:31:01', 'Huntley', 'Langtree'),
       (80,'jeong', 'End of the World', '2023-05-21 21:23:08', '2023-08-06 19:42:14', 'Harlen', 'Ovitz'),
       (49,'jeong', 'Come Undone (Presque Rien)', '2024-01-27 00:02:27', '2023-04-01 04:55:48', 'Edgardo', 'Annes'),
       (18,'jeong', 'The Land Before Time IX: Journey to the Big Water', '2023-03-04 20:29:29', '2023-09-13 09:52:08', 'Nerissa', 'Langran'),
       (57,'jeong', 'Evil That Men Do, The', '2023-03-29 02:03:53', '2023-03-10 13:50:20', 'Toby', 'Pratty'),
       (33,'jeong', 'Georgia Rule', '2023-09-10 00:22:24', '2023-09-08 08:52:48', 'Jobye', 'Lambarton'),
       (82,'jeong', 'Two Evil Eyes', '2023-06-27 11:09:09', '2023-05-24 23:14:26', 'Elinore', 'Bowfin'),
       (16,'jeong', 'Restrepo', '2023-08-31 18:17:53', '2024-01-15 16:10:50', 'Bone', 'Reichhardt'),
       (70,'jeong', 'Monsturd', '2023-09-05 07:23:28', '2024-01-13 18:48:05', 'Marabel', 'Boggon'),
       (17,'jeong', 'House on Telegraph Hill, The', '2023-08-06 17:50:58', '2023-11-20 22:23:02', 'Davie', 'Tittershill'),
       (47,'jeong', 'Young Goethe in Love', '2024-01-06 13:37:31', '2023-04-10 22:04:38', 'Slade', 'Wybrow'),
       (29,'jeong', 'Bugs Bunny''s 3rd Movie: 1001 Rabbit Tales', '2023-10-10 09:57:00', '2023-09-14 13:21:39', 'Blondie', 'Ronaghan'),
       (65,'jeong', 'Sassy Pants', '2023-10-29 07:59:39', '2023-10-25 21:17:12', 'Ernestine', 'Colbron'),
       (50,'jeong', 'These Girls', '2023-07-01 21:38:38', '2023-11-06 09:58:03', 'Cherilyn', 'Martschik'),
       (64,'jeong', 'Jumping the Broom', '2023-08-25 15:47:50', '2023-02-17 11:39:10', 'Allissa', 'Carty'),
       (74,'jeong', 'In the Company of Men', '2023-09-18 16:36:47', '2023-04-17 04:07:51', 'Esmaria', 'Stirrup'),
       (80,'jeong', 'Man Apart, A', '2023-09-14 14:08:54', '2023-02-19 12:35:46', 'Kaiser', 'Edgett'),
       (41,'jeong', 'Art of the Steal, The', '2024-01-29 20:12:54', '2023-11-02 14:52:07', 'Rolland', 'Ludlem'),
       (96,'jeong', 'What to Expect When You''re Expecting', '2023-06-10 09:56:52', '2023-10-08 07:57:35', 'Urson', 'Gilgryst'),
       (7,'jeong', 'Facing Ali', '2023-03-03 00:42:46', '2023-08-06 07:11:18', 'Link', 'Janczewski'),
       (35,'jeong', 'Raw Meat (Death Line)', '2023-11-08 01:15:05', '2023-10-04 05:42:55', 'Charlotta', 'Kaszper'),
       (63,'jeong', 'Other Side of Bollywood, The', '2023-03-14 21:09:48', '2023-02-18 23:46:45', 'Penn', 'Dent'),
       (41,'jeong', '35 Up', '2023-12-18 15:19:17', '2023-03-15 16:25:20', 'Shantee', 'De la Yglesia'),
       (89,'jeong', 'I Want a Dog for Christmas, Charlie Brown', '2023-10-31 18:34:41', '2023-04-03 00:08:50', 'Brien', 'Lambin'),
       (90,'jeong', 'Poolhall Junkies', '2023-04-23 20:28:18', '2023-03-06 00:44:19', 'Kylynn', 'Grigore'),
       (19,'jeong', 'Mercy ', '2023-04-14 23:43:25', '2023-03-20 06:45:46', 'Vladimir', 'LLelweln'),
       (46,'jeong', 'Nightmare on Elm Street 3: Dream Warriors, A', '2023-09-26 19:58:08', '2023-08-25 20:17:04', 'Virge', 'Bocking'),
       (35,'jeong', 'Shutter Island', '2023-11-06 23:05:02', '2023-03-14 02:49:41', 'Franny', 'Negri'),
       (100,'jeong', 'And Starring Pancho Villa as Himself', '2023-09-02 08:35:11', '2023-09-08 10:03:33', 'Artair', 'Sicily'),
       (52,'jeong', 'Eklavya: The Royal Guard', '2023-08-15 08:31:53', '2023-05-16 13:10:43', 'Ondrea', 'Shanklin'),
       (49,'jeong', 'Steel Toes', '2023-07-28 06:20:44', '2023-10-12 19:25:29', 'Godard', 'Bowcher'),
       (26,'jeong', 'Shoot on Sight', '2023-04-21 15:35:48', '2023-06-11 12:32:16', 'Aldous', 'Bartolommeo'),
       (36,'jeong', 'Trial', '2023-07-12 14:50:23', '2024-01-28 00:44:38', 'Culver', 'Bliss'),
       (20,'jeong', 'Tough and Deadly', '2023-11-24 16:16:34', '2023-02-06 17:23:10', 'Guendolen', 'Thaw'),
       (96,'jeong', 'P.S. I Love You', '2023-11-19 10:23:17', '2023-02-26 12:06:12', 'Aron', 'Taffrey'),
       (9,'jeong', 'Wrong Arm of the Law, The', '2024-01-12 19:46:35', '2023-08-16 09:33:21', 'Dion', 'Fillgate'),
       (26,'jeong', 'Mole People, The', '2023-12-17 18:22:54', '2023-12-19 09:46:30', 'Lorelei', 'Manvelle'),
       (28,'jeong', 'MC5*: A True Testimonial', '2023-07-17 12:35:15', '2023-06-25 20:47:09', 'Irene', 'Horley'),
       (27,'jeong', 'Camouflage', '2023-08-01 05:23:46', '2023-01-30 01:22:05', 'Karlens', 'Robinette'),
       (33,'jeong', 'Life Itself', '2023-12-02 11:43:20', '2023-05-13 17:53:07', 'Armando', 'Tommis'),
       (20,'jeong', 'Woman of Antwerp', '2023-08-06 21:07:55', '2023-04-28 20:51:01', 'Lebbie', 'Blaskett'),
       (68,'jeong', 'Marfa Girl', '2023-11-21 19:19:27', '2023-03-13 21:44:12', 'Godfry', 'Cribbin'),
       (72,'jeong', 'Trails (Veredas)', '2023-07-05 06:38:57', '2023-02-24 15:03:02', 'Giraud', 'McFee'),
       (32,'jeong', 'T-Rex: Back to the Cretaceous', '2023-07-07 22:14:22', '2023-06-18 01:14:16', 'Farr', 'Growy'),
       (81,'jeong', 'Main Event, The', '2023-11-26 18:41:50', '2023-08-11 16:39:16', 'Gerard', 'Burwell'),
       (32,'jeong', 'Lights Out', '2024-01-16 10:15:27', '2023-10-23 06:24:49', 'Deborah', 'Elecum'),
       (73,'jeong', 'Grassroots', '2023-03-15 21:03:24', '2023-08-07 19:04:26', 'Novelia', 'Eidelman'),
       (16,'jeong', 'Feast of Love', '2023-05-23 22:45:39', '2023-11-17 13:45:54', 'Julieta', 'Chiverstone'),
       (68,'jeong', 'Reparando', '2023-09-29 17:39:31', '2023-08-21 05:54:54', 'Boycie', 'Hyams'),
       (82,'jeong', 'Train', '2024-01-18 05:42:32', '2023-12-20 19:58:02', 'Ermina', 'Endrizzi'),
       (40,'jeong', 'Angel on My Shoulder', '2023-02-12 15:12:19', '2023-02-10 22:51:29', 'Alonzo', 'Pigeon'),
       (69,'jeong', 'Black Pond', '2023-03-22 02:14:52', '2023-03-17 21:09:22', 'Beverlie', 'Pinching'),
       (99,'jeong', '3 dev adam (Three Giant Men) ', '2023-09-02 23:00:28', '2024-01-03 04:20:03', 'Alejandra', 'Vezey'),
       (16,'jeong', 'Skokie ', '2023-11-04 03:13:58', '2023-11-24 05:43:50', 'Mohammed', 'Danaher'),
       (50,'jeong', 'Point, The', '2023-09-11 13:40:18', '2023-04-19 18:42:15', 'Somerset', 'Blackster'),
       (22,'jeong', 'Ballermann 6', '2023-06-06 08:25:19', '2023-02-25 21:35:32', 'Kippie', 'Lechelle'),
       (19,'jeong', 'Further Gesture, A', '2024-01-01 00:48:32', '2024-01-29 18:09:28', 'Ricca', 'McPartling'),
       (87,'jeong', 'Before Sunrise', '2024-01-12 01:02:27', '2023-12-26 10:22:11', 'Damara', 'Northey'),
       (5,'jeong', 'Saga of Gosta Berling, The (Gösta Berlings saga)', '2023-10-23 00:20:17', '2023-07-20 08:18:02', 'Giana', 'Jankowski'),
       (33,'jeong', 'Polite People (Kurteist fólk)', '2023-11-05 12:56:06', '2023-03-12 13:17:51', 'Kalle', 'Welling'),
       (15,'jeong', 'Sanshiro Sugata (Judo Saga) (Sugata Sanshirô)', '2023-07-29 21:46:36', '2023-11-27 03:52:33', 'Tally', 'Fenn'),
       (3,'jeong', 'Super Sucker', '2023-10-27 20:35:19', '2023-11-23 16:41:00', 'Valentia', 'Mickleburgh'),
       (79,'jeong', 'Children of Glory (Szabadság, szerelem)', '2023-09-22 19:45:09', '2023-12-29 16:08:00', 'Arthur', 'Douse'),
       (79,'jeong', 'Little Fish', '2023-11-24 18:30:54', '2023-09-28 19:39:35', 'Archaimbaud', 'Dubbin'),
       (62,'jeong', 'Dukes, The', '2023-08-04 14:17:19', '2023-04-20 15:23:46', 'Horton', 'Goldhill'),
       (34,'jeong', 'Runaway Jury', '2024-01-23 04:54:49', '2023-10-17 04:23:10', 'Hale', 'Lawland'),
       (35,'jeong', 'Urban Legend', '2023-08-16 04:29:11', '2023-08-30 11:07:12', 'Arden', 'Girardetti'),
       (2,'jeong', 'Bigger Than Life', '2023-09-26 12:27:35', '2023-06-02 03:08:52', 'Shayne', 'Northidge'),
       (54,'jeong', 'Confession', '2023-10-26 12:07:33', '2023-02-26 00:38:22', 'Camey', 'Beesley'),
       (18,'jeong', 'Quartet', '2023-11-14 03:45:19', '2023-09-15 19:42:38', 'Blythe', 'Varker'),
       (10,'jeong', 'Lola Montès', '2023-12-18 14:00:34', '2023-11-05 07:06:24', 'Lon', 'Camin'),
       (20,'jeong', 'High Crimes', '2023-10-29 10:33:24', '2023-10-20 12:13:52', 'Jarrod', 'Duffie'),
       (15,'jeong', 'Maborosi (Maboroshi no hikari)', '2024-01-19 23:06:17', '2023-02-20 16:16:01', 'Dukey', 'Wogden'),
       (100,'jeong', 'Willard', '2023-05-28 02:46:29', '2023-02-10 14:57:49', 'Felike', 'Luttgert'),
       (10,'jeong', 'Cathedral, The (Katedra)', '2023-08-05 06:26:24', '2023-05-26 21:20:17', 'Marylin', 'Enriques'),
       (63,'jeong', 'Flickering Lights (Blinkende lygter)', '2023-09-20 18:53:32', '2024-01-10 14:42:08', 'Xever', 'Chevin'),
       (46,'jeong', 'Lawless Breed, The', '2023-07-14 14:29:30', '2023-12-01 05:39:53', 'Odella', 'Giabuzzi'),
       (15,'jeong', 'Christmas in Connecticut', '2023-03-26 00:21:27', '2023-05-23 11:43:53', 'Giovanna', 'Danelutti'),
       (6,'jeong', 'Mary and Max', '2024-01-06 21:08:39', '2024-01-26 04:18:26', 'Zorana', 'Rouge'),
       (57,'jeong', 'Ghoulies', '2023-08-18 10:12:33', '2023-06-09 16:09:14', 'Cahra', 'Mapson'),
       (91,'jeong', 'Million Dollar Legs', '2023-05-03 14:09:29', '2023-10-01 23:12:03', 'Eveleen', 'Matteoni'),
       (45,'jeong', 'Object of My Affection, The', '2023-09-25 23:02:00', '2023-02-11 05:59:39', 'Dolley', 'Dangl'),
       (74,'jeong', 'Kounterfeit', '2023-03-19 01:12:21', '2023-02-24 07:12:52', 'Austina', 'Steere'),
       (43,'jeong', 'Rogue Cop', '2023-11-27 14:46:53', '2023-11-27 19:56:09', 'Franchot', 'Houldey'),
       (51,'jeong', 'Colony, The', '2023-06-09 21:36:38', '2023-12-31 18:47:42', 'Dukie', 'Scarce'),
       (6,'jeong', '41', '2023-10-14 18:17:00', '2023-10-30 18:08:54', 'Inglebert', 'Browning'),
       (47,'jeong', 'Young Lions, The', '2023-10-28 10:10:59', '2023-04-26 14:36:10', 'Kay', 'Imesen'),
       (87,'jeong', 'Euphoria (Eyforiya)', '2023-02-16 10:16:35', '2023-04-04 05:54:21', 'Evy', 'Catterell'),
       (17,'jeong', 'Gunfighter, The', '2023-10-11 08:30:59', '2023-03-15 08:53:11', 'Magdaia', 'Nicholes'),
       (67,'jeong', 'I Am My Films - A Portrait of Werner Herzog (Was ich bin, sind meine Filme)', '2023-11-06 18:04:37', '2023-11-25 17:40:07', 'Buddie', 'Creggan'),
       (93,'jeong', 'Wyatt Earp', '2023-12-18 19:35:52', '2023-09-30 10:36:35', 'Shaylynn', 'Spoors'),
       (14,'jeong', 'Kvarteret Skatan reser till Laholm', '2023-05-23 13:39:35', '2023-02-10 22:43:18', 'Min', 'Canizares'),
       (27,'jeong', 'Possessed', '2023-02-28 09:53:31', '2023-06-12 05:39:26', 'Irita', 'Oakton'),
       (47,'jeong', 'Celluloid Closet, The', '2023-07-12 01:42:27', '2023-02-25 22:28:33', 'Gina', 'Bolt'),
       (6,'jeong', '18 Years Later (Diciotto anni dopo)', '2024-01-02 15:40:39', '2023-07-16 13:48:59', 'Garek', 'Measen'),
       (61,'jeong', 'Bachelorette', '2023-08-13 03:40:52', '2023-02-03 04:36:35', 'Gretna', 'Garnham'),
       (41,'jeong', 'Lost Boundaries', '2023-05-15 19:38:06', '2023-12-22 01:51:10', 'Eldon', 'Eisikowitch'),
       (57,'jeong', 'Jesus of Montreal (Jésus de Montréal)', '2023-08-15 15:20:10', '2023-11-01 01:42:53', 'Deeann', 'Giacomi'),
       (70,'jeong', 'Manos: The Hands of Fate', '2023-08-16 00:53:34', '2024-01-06 03:53:46', 'Marcelline', 'Cockin'),
       (42,'jeong', 'Twice in a Lifetime', '2023-05-29 14:39:53', '2023-01-31 07:58:44', 'Vernen', 'Iddison'),
       (17,'jeong', 'Sube y Baja', '2023-04-19 23:03:35', '2023-12-27 03:02:55', 'Gregoire', 'Dalgliesh'),
       (43,'jeong', 'Lion''s Den (Leonera)', '2023-07-23 13:15:09', '2023-08-03 05:02:09', 'Glennie', 'Finnick'),
       (56,'jeong', 'Monsieur Hire', '2023-10-08 14:37:13', '2023-12-03 16:58:32', 'Robbyn', 'Tatlowe'),
       (77,'jeong', 'Girl Model', '2023-12-09 16:27:46', '2023-04-23 15:53:44', 'Ofilia', 'Ebertz'),
       (100,'jeong', 'Parental Guidance', '2023-09-30 07:13:26', '2023-08-11 10:55:39', 'Diarmid', 'De Filippis'),
       (7,'jeong', 'Uprise', '2023-09-25 21:21:22', '2023-12-27 08:15:51', 'Gleda', 'Jammet'),
       (29,'jeong', 'Yobi, The Five-Tailed Fox', '2023-10-27 14:27:10', '2023-12-17 08:41:09', 'Adi', 'Shewon'),
       (39,'jeong', 'Artist, The', '2023-05-31 10:22:14', '2023-10-15 16:49:01', 'Germaine', 'Summerscales'),
       (95,'jeong', 'No God, No Master', '2023-07-18 15:33:28', '2023-05-29 15:50:18', 'Urbano', 'Abramof'),
       (41,'jeong', 'It Should Happen to You', '2023-08-24 14:47:53', '2023-08-30 03:04:14', 'Orbadiah', 'Parmby'),
       (5,'jeong', 'The .44 Specialist', '2023-02-07 07:50:22', '2023-07-09 19:25:44', 'Renado', 'Gherardesci'),
       (99,'jeong', 'I Hate Valentine''s Day', '2023-05-12 04:05:43', '2023-02-08 14:30:10', 'Kimberli', 'Gibby'),
       (24,'jeong', 'George Washington', '2023-02-19 00:02:02', '2023-07-26 00:43:54', 'Tandi', 'Albasini'),
       (10,'jeong', 'Ironclad', '2023-01-30 10:19:52', '2023-09-29 10:21:47', 'Kalle', 'Coleridge'),
       (26,'jeong', 'Wrestler, The', '2023-05-15 18:17:34', '2023-08-20 19:08:41', 'Doreen', 'Vassie'),
       (9,'jeong', 'Gattaca', '2023-02-19 11:27:19', '2023-02-04 11:37:03', 'Correy', 'Cardoo'),
       (13,'jeong', 'BloodRayne: Deliverance (BloodRayne II: Deliverance)', '2023-02-24 07:14:07', '2023-12-26 17:02:53', 'Lin', 'Creus'),
       (12,'jeong', 'Roadracers', '2023-07-02 03:30:43', '2023-08-09 09:50:06', 'Bianca', 'Jacklings'),
       (28,'jeong', 'Shaft', '2023-03-10 05:44:57', '2023-12-19 02:38:37', 'Deeanne', 'Anthona'),
       (31,'jeong', 'The Hunting Ground', '2024-01-18 14:47:54', '2023-10-08 01:43:37', 'Katine', 'Pettie'),
       (65,'jeong', 'Benny''s Video', '2024-01-04 05:14:24', '2023-07-24 09:37:43', 'Brendis', 'Cromly'),
       (29,'jeong', 'Souper, Le (Supper, The)', '2023-08-03 15:27:44', '2023-09-14 18:24:46', 'Bill', 'Clipsham'),
       (11,'jeong', 'Joyful Noise', '2023-12-23 18:22:05', '2023-06-10 04:12:56', 'Renato', 'Baniard'),
       (32,'jeong', 'Classmates', '2023-05-31 17:20:02', '2023-05-15 16:54:57', 'Julie', 'Myner'),
       (20,'jeong', 'Siffleurs, Les (Viheltäjät)', '2023-12-08 17:35:13', '2023-08-12 21:32:44', 'Myrtle', 'Kelland'),
       (2,'jeong', 'Beverly Hills Ninja', '2023-12-05 23:11:44', '2023-11-10 07:14:23', 'Law', 'Pedroli'),
       (45,'jeong', 'Crossroads', '2023-03-27 06:29:48', '2023-02-18 15:30:45', 'Alicea', 'Boocock'),
       (99,'jeong', 'Conquest of the Planet of the Apes', '2023-03-28 10:22:34', '2023-06-13 20:09:01', 'Brooks', 'Yeulet'),
       (35,'jeong', 'Goya in Bordeaux (Goya en Burdeos)', '2023-03-10 02:41:24', '2024-01-01 22:27:01', 'Lela', 'Booley'),
       (98,'jeong', 'Legend of Bagger Vance, The', '2023-10-17 16:24:56', '2023-06-27 23:05:03', 'Bren', 'Doerr'),
       (88,'jeong', 'Crazy Kind of Love', '2023-06-11 06:29:11', '2023-06-13 09:01:35', 'Reine', 'Wapol'),
       (31,'jeong', 'Scarlet Dove, The (Tulipunainen kyyhkynen)', '2023-04-09 17:32:56', '2023-07-28 21:23:42', 'Odette', 'Edgeworth'),
       (12,'jeong', 'Inglourious Basterds', '2023-11-22 22:22:57', '2023-04-14 11:49:06', 'Clarabelle', 'Valencia'),
       (28,'jeong', 'Behind Enemy Lines', '2023-10-21 05:04:24', '2023-12-15 10:59:23', 'Kalle', 'Mackilpatrick'),
       (5,'jeong', 'Fetching Cody', '2023-10-09 17:31:00', '2023-07-19 01:19:01', 'Roanne', 'Trundler'),
       (27,'jeong', 'Brubaker', '2023-11-05 14:11:33', '2024-01-20 14:58:25', 'Birgitta', 'Guerreru'),
       (83,'jeong', 'Lost Missile, The', '2023-12-15 03:42:46', '2023-06-11 01:01:33', 'Orelee', 'Laxtonne'),
       (4,'jeong', 'Kung Fu Hustle (Gong fu)', '2023-11-07 11:49:11', '2024-01-19 09:47:41', 'Marylynne', 'O''Shaughnessy'),
       (61,'jeong', 'Homicide', '2023-02-17 18:51:54', '2023-08-02 05:16:07', 'Crissy', 'Hache'),
       (91,'jeong', 'Auto Focus', '2023-11-19 09:36:05', '2023-03-15 18:34:57', 'Dido', 'Jendrach'),
       (51,'jeong', 'Red Dust', '2023-08-11 22:29:25', '2023-07-05 08:37:05', 'Berty', 'Cancutt'),
       (49,'jeong', 'Invisible, The', '2023-05-18 20:48:38', '2023-09-01 21:52:29', 'Sebastiano', 'Guilloton'),
       (1,'jeong', 'As If I Didn''t Exist (Elina - Som om jag inte fanns)', '2023-08-09 06:58:10', '2023-01-31 21:34:53', 'Alida', 'Merryfield'),
       (8,'jeong', 'Good Morning, Vietnam', '2023-05-26 20:59:55', '2023-04-15 18:45:54', 'Mary', 'Sewell'),
       (33,'jeong', 'Four Stories of St. Julian ', '2023-12-13 02:28:00', '2023-11-06 19:59:53', 'Salem', 'Novkovic'),
       (67,'jeong', 'Whisky Galore', '2023-05-25 03:01:23', '2024-01-08 10:39:54', 'Stanislaus', 'Pechard'),
       (1,'jeong', 'Tatie Danielle', '2023-03-04 13:03:00', '2024-01-11 03:41:05', 'Ruthe', 'Deinhardt'),
       (39,'jeong', 'Cashback', '2023-09-07 10:29:12', '2023-12-09 05:30:37', 'Prentice', 'Kaming'),
       (22,'jeong', 'Hangover, The', '2024-01-25 14:31:34', '2023-07-04 13:31:50', 'Jackqueline', 'Mullenger'),
       (22,'jeong', 'Stormheart', '2023-12-14 15:51:31', '2024-01-24 17:54:36', 'Ailsun', 'Christoffels'),
       (91,'jeong', 'Familia', '2023-09-06 02:46:12', '2023-10-31 16:15:39', 'Annis', 'Vassel'),
       (1,'jeong', 'Ten Thousand Saints', '2023-12-17 03:09:42', '2023-06-23 20:28:52', 'Valma', 'Weedall'),
       (42,'jeong', 'O Último Mergulho', '2023-10-19 14:16:30', '2023-11-01 20:02:19', 'Shadow', 'Miche'),
       (8,'jeong', 'Crow: City of Angels, The', '2023-04-07 13:06:13', '2023-02-03 08:27:52', 'Pam', 'Luckham'),
       (100,'jeong', 'One I Love, The', '2023-10-05 12:46:07', '2023-10-04 01:01:55', 'Katrinka', 'Whapham'),
       (65,'jeong', 'Extract', '2023-07-27 05:01:30', '2023-03-12 02:09:09', 'Kevina', 'Rubenov'),
       (58,'jeong', 'Traffic Affairs (Mitfahrer)', '2023-03-04 15:19:33', '2023-12-29 15:30:32', 'Ronni', 'Beeby'),
       (24,'jeong', 'Enthusiasm (Entuziazm: Simfoniya Donbassa)', '2023-04-01 17:38:58', '2023-10-23 21:45:07', 'Lenard', 'Bayley'),
       (32,'jeong', 'Ossessione', '2023-07-31 18:00:39', '2023-02-24 16:08:00', 'Romola', 'Teas'),
       (36,'jeong', 'Intolerance: Love''s Struggle Throughout the Ages', '2023-10-29 15:38:58', '2023-02-13 15:57:07', 'Thorstein', 'McAneny'),
       (9,'jeong', 'I Spit on Your Grave', '2024-01-13 09:41:17', '2023-12-05 07:46:03', 'Isa', 'Riccio'),
       (22,'jeong', 'Fantasy Mission Force (Mi ni te gong dui)', '2023-09-26 14:08:58', '2023-12-07 19:35:55', 'Charyl', 'Hodcroft'),
       (28,'jeong', 'Virtuosity', '2023-12-24 05:37:57', '2023-10-31 13:47:19', 'Kelsey', 'Aynscombe'),
       (16,'jeong', 'Browning Version, The', '2023-10-06 15:32:55', '2023-03-27 23:14:03', 'Tracie', 'Oliver-Paull'),
       (17,'jeong', 'Good Hair', '2023-08-28 15:51:27', '2024-01-09 09:22:15', 'Gallard', 'Droghan'),
       (76,'jeong', 'Preston Sturges: The Rise and Fall of an American Dreamer', '2023-03-18 14:36:03', '2023-09-18 21:59:38', 'Gillian', 'Kincla'),
       (70,'jeong', 'First Man, The (Le Premier Homme)', '2023-03-23 16:09:54', '2023-04-12 10:56:50', 'Husein', 'Constable'),
       (15,'jeong', 'Breaking News (Daai si gin)', '2023-09-09 07:50:31', '2023-09-19 08:52:45', 'Donnie', 'Awton'),
       (15,'jeong', 'P2', '2023-08-05 05:05:30', '2023-05-12 05:03:16', 'Fianna', 'Routhorn'),
       (34,'jeong', 'Our Idiot Brother', '2023-07-23 20:55:27', '2023-06-29 07:07:16', 'Lena', 'Spinige'),
       (42,'jeong', 'Noise', '2023-04-08 07:03:09', '2023-08-20 19:28:27', 'Christen', 'Baynam'),
       (22,'jeong', 'Return of the Living Dead: Necropolis', '2023-03-15 08:44:18', '2023-03-06 13:22:36', 'Etienne', 'Venediktov'),
       (71,'jeong', 'Looking for Eric', '2023-10-10 23:39:40', '2023-12-11 05:46:52', 'Lemar', 'Brammall'),
       (37,'jeong', 'Her', '2023-10-31 18:49:48', '2023-02-22 04:07:25', 'Arly', 'Cay'),
       (27,'jeong', 'Clean', '2023-11-20 01:36:44', '2024-01-24 17:13:34', 'Karoly', 'Vost'),
       (81,'jeong', 'Imagine: John Lennon', '2023-02-13 14:23:43', '2023-02-22 09:50:03', 'Janeva', 'Gayther'),
       (94,'jeong', 'XX/XY', '2023-02-19 11:05:13', '2023-06-21 03:27:49', 'Nicholas', 'Hesse'),
       (25,'jeong', 'Blue Denim', '2023-12-31 04:16:48', '2023-12-10 03:26:30', 'Scarlet', 'Dymidowicz'),
       (52,'jeong', 'Moscow on the Hudson', '2023-10-03 04:32:39', '2023-09-06 23:30:52', 'Fredrika', 'Cowburn'),
       (100,'jeong', 'Stagecoach', '2023-09-16 08:22:17', '2023-02-02 14:08:43', 'Gunilla', 'Richly'),
       (26,'jeong', 'Whip and the Body, The (Frusta e il corpo, La)', '2023-07-18 15:38:06', '2023-10-12 19:59:54', 'Neville', 'Stores'),
       (16,'jeong', 'Cannery Row', '2023-12-26 00:35:23', '2023-12-09 20:56:32', 'Marmaduke', 'Griffiths'),
       (38,'jeong', 'Ski Patrol', '2023-09-30 05:30:24', '2023-10-18 05:54:27', 'Emelina', 'Camerana'),
       (70,'jeong', 'Presumed Guilty (Presunto culpable)', '2023-03-18 01:32:23', '2023-10-06 13:28:34', 'Biddy', 'Wallett'),
       (14,'jeong', 'Lotte Reiniger: Homage to the Inventor of the Silhouette Film', '2023-03-29 18:48:17', '2023-09-09 15:01:16', 'Clifford', 'Dinwoodie'),
       (57,'jeong', 'Alvin and the Chipmunks: The Squeakquel', '2023-11-24 04:37:35', '2023-08-11 12:02:49', 'Marty', 'Firbanks'),
       (79,'jeong', 'Rock ''N'' Roll High School', '2023-06-13 04:00:57', '2023-03-12 04:27:08', 'Paul', 'Etheridge'),
       (87,'jeong', 'Tom, Tom, the Piper''s Son', '2023-09-25 05:49:32', '2023-10-05 17:15:21', 'Sisely', 'Cinelli'),
       (98,'jeong', 'Seagull''s Laughter, The (Mávahlátur)', '2023-08-07 10:47:21', '2023-09-15 00:15:40', 'Brier', 'Westbury'),
       (79,'jeong', 'Wedding March, The', '2023-08-03 23:17:54', '2023-06-20 10:12:03', 'Stevy', 'Guillain'),
       (25,'jeong', 'Genocide (Konchû daisensô)', '2023-08-18 15:02:04', '2023-08-27 06:28:12', 'Berkeley', 'Ugolotti'),
       (28,'jeong', 'Kid Galahad', '2023-08-28 19:12:44', '2024-01-08 10:28:30', 'Lucille', 'Gilman'),
       (78,'jeong', 'Beyond the Rocks', '2024-01-04 20:21:09', '2023-12-23 00:02:40', 'Meg', 'Bambrough'),
       (1,'jeong', 'Shock Doctrine, The', '2023-05-11 19:25:26', '2023-06-30 19:43:03', 'Maxi', 'Penna'),
       (61,'jeong', 'After Porn Ends', '2023-08-17 06:15:31', '2023-09-12 14:48:33', 'Riva', 'Grimmer'),
       (77,'jeong', 'Ipcress File, The', '2023-04-08 23:46:14', '2023-07-08 09:12:21', 'Brinn', 'Menghi'),
       (33,'jeong', 'Prowler, The', '2023-07-16 02:28:54', '2023-07-25 20:12:22', 'Sergeant', 'Enion'),
       (49,'jeong', 'Gantz: Perfect Answer', '2023-08-30 08:14:52', '2023-12-04 15:32:57', 'Portia', 'Futty'),
       (35,'jeong', 'Miller''s Crossing', '2023-03-10 08:35:30', '2023-07-06 11:06:52', 'Frasquito', 'Hake'),
       (22,'jeong', 'Slipstream', '2023-04-12 05:14:12', '2023-10-17 14:45:55', 'Gwyn', 'Mallion'),
       (65,'jeong', 'Barbershop 2: Back in Business', '2023-08-24 22:07:48', '2023-08-13 01:41:19', 'Yettie', 'Torpie'),
       (6,'jeong', 'Beyond the Sea', '2023-11-21 17:26:51', '2023-07-22 18:13:23', 'Rodolph', 'Cusiter'),
       (87,'jeong', 'Different from You and Me (Anders als du und ich) ', '2023-04-02 05:53:09', '2023-06-23 11:30:58', 'Creigh', 'Bisatt'),
       (79,'jeong', 'They', '2023-12-18 21:35:50', '2023-09-01 21:44:52', 'Dayle', 'Houson'),
       (76,'jeong', 'Love and a .45', '2023-10-12 12:44:27', '2023-10-12 04:07:59', 'Morgen', 'Betterton'),
       (58,'jeong', 'Young Lieutenant, The (Le petit lieutenant)', '2023-11-26 04:20:17', '2024-01-04 11:43:52', 'Gannon', 'Forrestall'),
       (15,'jeong', 'Beyond the Walls (Hors les murs)', '2023-06-30 00:32:26', '2023-05-16 02:03:46', 'Emilio', 'Janko'),
       (79,'jeong', 'Alice', '2023-09-20 17:36:04', '2023-09-19 13:28:28', 'Evey', 'Baldam'),
       (99,'jeong', 'Beyond the Fear', '2023-07-04 13:51:48', '2023-09-07 00:45:15', 'Royal', 'Hawkins'),
       (17,'jeong', 'Naked in New York', '2023-02-08 04:13:46', '2024-01-17 15:37:37', 'Guss', 'Kramer'),
       (86,'jeong', 'Rusty Knife (Sabita naifu)', '2023-03-18 23:57:05', '2023-07-22 04:24:11', 'Sydney', 'Suart'),
       (8,'jeong', 'Bring It On: All or Nothing', '2023-10-03 23:10:02', '2024-01-29 17:50:13', 'Tammi', 'Dovydenas'),
       (44,'jeong', 'Anna Christie', '2023-10-27 21:06:34', '2023-05-20 18:36:20', 'Herman', 'Klossmann'),
       (7,'jeong', 'Housewarming (Travaux, on sait quand ça commence...)', '2023-10-25 17:19:21', '2024-01-17 18:02:41', 'Lock', 'Dumingos'),
       (25,'jeong', 'Women Robbers (Diebinnen)', '2023-02-09 02:25:22', '2023-10-14 11:48:30', 'Konrad', 'Mathan'),
       (90,'jeong', 'Dark Alibi', '2023-10-30 11:22:56', '2024-01-28 03:27:31', 'Corri', 'Gomar'),
       (45,'jeong', 'Percy Jackson & the Olympians: The Lightning Thief', '2024-01-22 18:53:59', '2023-01-31 18:22:45', 'Cesare', 'Dive'),
       (62,'jeong', 'Thunderheart', '2023-07-17 00:33:33', '2023-05-01 19:33:27', 'Sven', 'MacChaell'),
       (36,'jeong', 'Dangerous Ground', '2023-03-07 15:14:38', '2023-05-11 21:41:29', 'Lenard', 'Tweedy'),
       (12,'jeong', 'Three to Tango', '2023-11-26 10:09:19', '2023-04-15 23:59:20', 'Zacharie', 'Balnaves'),
       (81,'jeong', 'Legend of the Eight Samurai (Satomi hakken-den)', '2023-10-05 00:37:21', '2023-09-29 10:47:14', 'Martyn', 'Sergeant'),
       (90,'jeong', 'Escape from Planet Earth', '2023-08-01 14:49:26', '2023-03-17 19:40:41', 'Heall', 'Gebuhr'),
       (86,'jeong', 'Five and Ten', '2023-08-04 16:43:58', '2023-09-09 07:23:45', 'Wallie', 'Bodega'),
       (18,'jeong', 'Design for Scandal', '2023-09-29 00:12:17', '2023-05-06 15:26:54', 'Felice', 'Jackett'),
       (82,'jeong', 'Going All the Way', '2023-04-23 16:40:35', '2023-11-27 22:59:31', 'Brooke', 'Colles'),
       (29,'jeong', 'Raiders From Beneath the Sea', '2023-03-24 02:22:26', '2023-12-28 04:54:49', 'Jackie', 'Stegel'),
       (13,'jeong', 'Beast at Bay, A', '2024-01-01 05:11:38', '2023-06-13 16:40:58', 'Lucretia', 'Allabarton'),
       (19,'jeong', 'Trust Me', '2023-08-21 12:24:54', '2023-03-12 05:39:28', 'Ludvig', 'Matusiak'),
       (38,'jeong', 'Battle of Shaker Heights, The', '2023-07-17 15:25:37', '2024-01-01 05:19:30', 'Maddy', 'Filasov'),
       (2,'jeong', 'Tristan & Isolde', '2023-12-28 02:16:34', '2023-02-15 11:48:50', 'Shirlee', 'Mouat'),
       (65,'jeong', 'Critical Condition', '2023-05-02 10:57:01', '2023-12-29 08:24:42', 'Dee', 'Brimfield'),
       (85,'jeong', 'Sport, Sport, Sport', '2023-04-07 14:25:47', '2023-12-05 07:17:18', 'Benji', 'Barbara'),
       (37,'jeong', 'Memoirs of an Invisible Man', '2023-12-26 19:30:09', '2023-08-31 04:01:40', 'Ashlie', 'Bannister'),
       (22,'jeong', 'Spider Forest (Geomi sup)', '2024-01-02 19:11:40', '2023-11-28 09:25:42', 'Tobe', 'Kanwell'),
       (28,'jeong', 'Swedish Love Story, A (Kärlekshistoria, En)', '2023-10-24 05:00:49', '2023-11-28 04:22:12', 'Vladimir', 'Whistlecraft');


